MBP,PLP1,MOBP,SLC17A7,SATB2,RORB,CLDN5,PECAM1,FLT1,AQP4,GFAP,SLC1A3,GAD1,GAD2,PVALB,N00,N01,N02,N03,N04,N05,N06,N07,N08,N09,N10,N11,N12,N13,N14,N15,N16,N17,N18,N19,N20,N21,N22,N23,N24,cluster
36,37,34,0,2,1,0,1,0,0,1,2,0,1,0,0,1,0,0,1,0,0,0,0,0,1,0,0,0,0,0,0,0,0,0,0,0,0,1,0,oligodendrocyte
29,31,31,0,0,0,0,0,1,1,1,1,0,0,0,0,0,0,0,0,0,0,0,0,0,0,0,1,0,0,0,0,0,0,0,1,0,0,0,1,oligodendrocyte
36,36,48,1,0,1,1,1,0,0,1,0,0,0,0,0,0,0,0,0,0,0,0,0,0,0,0,1,0,1,0,0,1,1,1,0,0,1,0,0,oligodendrocyte
25,34,42,0,0,0,0,0,0,0,1,0,1,0,0,0,0,0,1,0,0,0,0,0,0,0,1,0,0,0,0,0,0,0,0,0,0,0,0,0,oligodendrocyte
36,38,32,0,1,1,1,1,0,1,0,0,0,0,0,0,0,0,0,0,1,0,0,0,0,0,0,0,0,0,1,1,0,0,0,1,0,0,0,1,oligodendrocyte
40,36,42,1,2,0,1,1,0,0,0,1,0,0,0,0,1,0,0,0,3,1,0,0,0,0,0,0,0,1,0,0,0,0,0,0,1,0,0,0,oligodendrocyte
32,34,38,0,0,1,0,1,0,0,0,0,0,0,0,0,1,0,0,0,1,0,0,0,0,0,0,0,0,1,1,0,1,0,0,1,0,0,1,0,oligodendrocyte
29,49,36,0,1,2,0,0,0,0,0,0,1,1,0,0,0,0,1,2,0,0,0,0,0,0,0,0,0,0,0,0,0,0,2,0,0,0,1,1,oligodendrocyte
30,31,35,0,0,0,0,0,2,0,0,3,0,1,0,1,0,0,0,1,0,0,1,0,0,0,1,0,1,2,0,2,0,0,0,0,0,0,0,2,oligodendrocyte
31,43,36,0,0,0,0,0,0,0,1,2,0,0,0,0,0,0,0,0,0,0,0,1,0,0,0,0,0,0,1,0,0,0,0,0,0,0,0,0,oligodendrocyte
37,49,38,0,0,1,0,0,0,0,0,0,0,1,0,2,1,3,0,0,0,1,0,1,1,0,0,0,0,0,0,0,0,1,1,0,0,1,0,0,oligodendrocyte
32,24,35,0,0,0,0,0,1,0,0,0,0,0,1,0,0,2,1,0,0,0,0,0,0,2,0,0,1,2,0,0,0,0,1,0,0,0,0,1,oligodendrocyte
34,34,27,0,0,0,0,0,0,0,0,0,0,1,0,0,0,0,0,0,0,0,0,0,0,0,1,1,0,0,0,0,0,0,0,1,0,0,0,0,oligodendrocyte
27,24,42,0,1,0,0,0,0,0,1,1,1,1,2,0,0,0,0,0,0,0,0,0,0,0,1,0,0,0,1,1,0,0,1,0,1,0,0,0,oligodendrocyte
42,34,38,0,0,1,0,0,1,0,0,1,0,0,0,0,0,0,0,0,0,0,2,0,0,0,0,0,0,0,1,1,1,0,0,0,1,0,0,0,oligodendrocyte
39,35,34,0,1,1,0,0,0,0,0,1,1,0,0,0,0,0,1,1,0,0,0,1,0,0,1,0,0,0,0,2,0,0,1,0,1,1,0,0,oligodendrocyte
32,34,44,0,0,0,1,0,1,0,1,0,0,0,0,0,1,0,0,1,0,0,2,0,0,0,1,1,1,0,0,1,0,0,0,1,1,0,1,1,oligodendrocyte
32,35,32,0,1,0,0,0,0,0,0,0,0,1,1,0,0,0,0,0,2,0,0,0,0,0,0,0,0,1,0,1,1,0,0,0,0,2,0,1,oligodendrocyte
42,30,30,0,0,0,1,0,0,0,0,0,0,1,0,0,1,0,0,0,0,0,0,0,0,1,0,0,1,1,0,1,0,0,2,0,0,0,0,0,oligodendrocyte
28,37,37,0,1,0,0,0,1,0,1,0,0,0,0,0,0,0,0,2,0,1,0,0,0,0,1,0,0,1,2,0,0,1,0,0,1,0,1,1,oligodendrocyte
36,45,40,0,0,0,0,0,0,0,0,0,0,0,1,0,2,0,2,0,0,0,0,1,0,0,1,0,1,0,0,0,0,0,0,0,0,0,0,0,oligodendrocyte
30,32,27,1,0,1,0,0,0,1,0,0,0,0,1,0,0,1,0,1,0,0,0,0,0,2,1,0,0,0,0,0,0,0,0,2,0,0,0,1,oligodendrocyte
40,35,28,0,3,1,0,1,0,0,0,0,0,0,0,0,0,0,0,0,0,1,1,0,0,1,1,0,1,0,0,1,1,1,0,3,1,0,0,1,oligodendrocyte
40,40,40,0,0,0,0,0,1,0,0,0,0,2,0,1,0,1,1,0,1,1,0,1,0,0,0,0,1,2,1,0,0,0,1,1,0,1,0,1,oligodendrocyte
38,40,30,0,0,0,1,1,0,0,0,0,0,0,1,0,0,0,1,0,1,0,0,0,1,1,0,1,0,0,1,0,0,0,0,0,1,0,0,0,oligodendrocyte
32,32,36,2,0,2,0,0,0,0,2,0,1,0,0,0,0,0,0,0,0,0,0,0,0,0,0,0,0,2,1,0,0,0,0,0,0,2,0,0,oligodendrocyte
33,31,44,0,1,0,2,0,0,0,1,2,1,0,0,0,0,1,0,0,1,0,0,0,0,1,0,0,1,1,1,0,0,0,0,2,0,0,0,0,oligodendrocyte
34,30,45,1,1,0,0,0,0,1,0,1,1,1,1,1,0,0,1,2,0,0,0,1,0,0,0,0,0,0,0,1,0,1,2,0,1,0,2,0,oligodendrocyte
22,36,25,0,0,0,0,0,0,0,0,0,0,0,1,1,2,0,0,1,0,1,0,0,1,0,1,1,0,2,0,0,0,1,0,0,0,0,2,0,oligodendrocyte
27,32,37,2,1,0,1,0,0,0,0,0,0,1,0,0,0,2,0,1,0,0,0,0,0,0,1,1,0,0,0,0,0,0,0,0,0,0,1,0,oligodendrocyte
33,41,30,0,0,1,0,0,0,0,1,0,1,1,0,0,0,0,0,0,1,1,0,0,0,0,0,1,0,0,1,0,0,1,1,1,0,1,0,0,oligodendrocyte
29,27,34,0,0,0,1,0,0,1,1,1,0,0,0,0,0,0,0,0,0,2,1,1,0,0,1,1,0,0,0,0,1,0,0,0,0,1,0,1,oligodendrocyte
40,33,40,1,0,1,1,0,1,0,0,1,0,0,0,0,0,1,0,3,0,0,0,2,0,1,2,0,0,0,0,0,1,0,0,0,1,0,1,0,oligodendrocyte
38,35,30,0,0,0,0,1,0,0,1,1,0,0,0,0,0,2,1,0,0,0,0,0,0,0,0,1,0,0,1,0,1,0,1,1,0,0,0,1,oligodendrocyte
39,34,37,0,0,0,0,0,0,0,0,0,0,0,0,0,0,0,1,0,2,0,0,0,1,1,0,0,0,0,1,0,0,0,0,0,0,1,0,0,oligodendrocyte
36,42,30,2,0,0,0,0,1,1,0,0,0,0,0,0,0,0,1,0,0,0,0,0,0,0,1,1,0,0,1,0,0,0,1,0,0,0,0,0,oligodendrocyte
29,34,31,0,0,0,0,0,0,1,0,0,0,1,0,0,1,0,1,0,1,1,1,0,0,0,0,0,1,0,1,1,1,1,0,1,0,0,0,0,oligodendrocyte
38,35,28,0,0,0,0,0,0,0,0,0,0,1,0,1,0,0,1,0,0,0,0,0,1,0,0,0,0,1,0,0,0,1,0,1,0,0,0,0,oligodendrocyte
29,36,41,0,0,0,0,0,1,0,1,0,0,1,1,0,0,0,0,0,1,0,0,0,0,0,0,1,0,1,1,0,0,0,0,0,0,0,0,1,oligodendrocyte
41,34,38,0,0,1,0,0,0,3,0,0,1,0,0,0,0,1,2,0,0,1,0,0,1,0,0,0,0,0,1,0,0,1,1,0,0,0,1,0,oligodendrocyte
49,36,32,0,0,0,0,0,0,1,0,0,0,0,2,0,2,0,0,1,1,0,0,0,0,0,0,1,1,0,0,0,1,0,0,0,0,2,0,1,oligodendrocyte
31,36,35,0,0,0,1,0,1,0,1,0,0,0,1,1,0,1,0,1,0,0,0,0,0,0,2,0,0,0,1,0,0,0,0,1,0,0,0,1,oligodendrocyte
29,37,46,0,0,0,0,0,0,0,1,2,0,0,1,0,0,0,1,0,0,0,0,0,1,0,1,0,1,0,0,0,0,0,0,1,0,1,1,0,oligodendrocyte
29,34,35,1,0,0,1,0,0,0,0,1,0,0,0,0,0,0,0,0,1,1,1,0,0,2,1,0,1,0,0,0,0,0,0,1,1,0,0,0,oligodendrocyte
37,42,36,1,0,1,0,0,2,0,0,1,0,0,1,0,0,0,0,0,0,0,0,0,1,0,1,0,0,0,0,1,0,0,0,0,0,0,1,1,oligodendrocyte
48,28,31,0,0,0,2,0,0,0,0,0,0,2,0,1,0,0,0,0,0,0,2,0,1,0,0,0,1,0,1,0,1,3,2,0,0,0,1,0,oligodendrocyte
35,26,31,0,2,1,0,0,0,1,1,1,1,0,0,0,0,0,0,1,0,0,0,1,0,0,1,0,0,0,1,0,2,0,1,0,0,1,0,0,oligodendrocyte
41,36,41,1,0,1,0,0,0,0,2,0,0,0,0,0,0,1,0,0,1,0,0,1,0,0,0,0,0,0,0,0,1,0,1,2,1,0,0,0,oligodendrocyte
48,40,36,0,0,0,0,1,0,0,0,1,0,0,0,0,1,0,0,0,0,0,1,0,0,0,0,0,0,0,0,0,1,1,0,1,0,0,0,1,oligodendrocyte
47,32,34,0,0,1,0,0,1,0,1,0,0,0,1,0,0,1,0,0,0,0,0,0,0,0,0,0,1,0,0,0,0,1,0,0,0,0,1,0,oligodendrocyte
35,37,26,0,1,0,0,0,0,1,0,0,0,0,2,1,0,0,2,0,0,0,0,0,0,1,0,0,1,0,0,2,0,0,0,0,2,0,0,0,oligodendrocyte
42,41,31,0,0,1,0,0,0,1,2,0,0,0,0,0,0,1,0,0,1,0,0,1,0,0,0,0,0,1,0,2,0,0,0,0,1,0,0,0,oligodendrocyte
33,32,33,0,1,1,0,0,0,0,1,0,0,1,0,2,1,0,0,0,0,0,0,0,1,0,1,1,1,0,1,0,2,0,0,0,1,0,0,0,oligodendrocyte
32,27,43,0,0,0,0,1,1,1,0,0,0,0,1,1,0,0,0,0,0,0,0,1,0,0,0,1,1,0,1,0,0,1,1,1,0,0,0,0,oligodendrocyte
32,32,37,1,0,0,2,0,1,0,0,0,0,0,0,0,0,0,0,0,0,1,0,0,0,0,0,0,0,0,0,1,0,0,1,0,0,0,1,1,oligodendrocyte
40,39,26,0,0,1,0,0,0,1,0,1,0,0,0,0,1,1,0,2,1,0,0,0,1,1,0,0,0,1,0,0,0,1,0,0,0,1,1,0,oligodendrocyte
36,30,34,0,0,0,1,0,1,2,0,1,0,2,1,0,0,0,0,0,0,0,0,0,0,1,0,0,0,0,0,2,0,1,0,0,0,0,0,0,oligodendrocyte
34,28,30,0,0,0,0,0,0,0,0,0,1,1,0,0,0,1,1,0,0,0,0,0,0,0,0,0,0,0,0,0,0,1,0,0,1,0,1,0,oligodendrocyte
39,30,36,0,0,2,0,0,2,1,1,1,0,0,0,0,1,2,1,0,2,0,0,1,1,0,0,0,0,0,0,0,0,0,1,0,1,0,0,1,oligodendrocyte
32,45,37,0,0,1,0,0,1,0,0,0,1,1,0,0,0,0,0,0,1,0,1,0,0,0,2,0,0,0,2,0,1,0,0,0,2,0,0,0,oligodendrocyte
0,1,0,34,31,32,0,0,1,0,1,0,0,0,1,0,0,0,0,0,0,0,0,1,0,0,0,0,0,1,1,0,0,0,1,0,1,0,1,0,excitatory_neuron
0,1,0,39,35,33,0,1,1,0,0,0,1,0,0,0,0,0,0,1,0,1,0,0,0,0,1,0,0,0,1,0,0,1,0,0,1,0,0,0,excitatory_neuron
1,1,1,34,31,30,1,0,1,1,1,0,0,0,0,0,1,0,0,0,0,0,0,0,0,0,1,0,1,0,1,1,1,0,0,0,1,0,0,0,excitatory_neuron
0,0,0,36,34,27,0,0,1,0,1,0,0,0,0,0,1,0,1,0,0,0,0,0,0,0,1,0,0,0,0,0,1,0,0,0,1,1,0,0,excitatory_neuron
0,0,1,37,33,29,0,0,1,0,0,0,0,0,0,0,0,0,0,2,0,2,0,0,1,0,0,0,0,0,0,0,0,0,0,1,0,0,0,0,excitatory_neuron
1,0,0,39,38,36,0,1,0,0,0,0,2,0,0,1,1,0,0,0,2,0,0,0,1,0,0,0,0,0,0,1,1,0,0,1,1,1,0,0,excitatory_neuron
0,0,0,30,45,31,2,0,0,0,0,1,0,0,1,0,0,0,0,0,0,1,0,0,0,0,0,0,0,0,0,0,0,0,0,0,0,0,0,0,excitatory_neuron
0,0,0,38,32,29,0,0,1,1,2,1,0,2,1,3,0,0,0,0,1,0,0,0,0,0,0,0,1,0,0,0,0,1,0,0,1,0,1,1,excitatory_neuron
1,0,0,29,22,32,1,0,1,0,0,1,0,0,0,0,0,0,0,0,0,0,0,1,0,0,0,0,0,0,0,1,0,0,1,1,0,0,0,1,excitatory_neuron
0,0,0,35,34,35,0,0,0,0,1,1,0,1,0,1,0,0,0,0,0,0,1,1,0,0,0,0,0,0,1,0,0,0,0,1,0,0,0,0,excitatory_neuron
0,0,0,32,26,38,0,0,0,0,0,0,0,0,1,0,0,1,0,0,0,0,0,0,0,1,0,0,0,0,2,0,0,1,0,0,0,0,1,0,excitatory_neuron
0,0,0,28,36,39,1,0,0,1,1,0,0,1,0,0,0,0,0,0,0,0,0,0,0,0,0,0,0,0,0,0,0,0,2,0,0,0,0,0,excitatory_neuron
0,0,0,29,37,30,1,0,1,0,0,0,1,0,0,0,0,0,0,0,0,0,0,0,0,0,0,0,0,0,1,1,0,1,0,0,0,2,2,0,excitatory_neuron
0,0,0,35,43,45,0,0,0,0,0,0,0,0,0,0,0,0,0,0,0,0,1,0,1,0,0,0,0,0,0,0,0,0,0,1,0,0,0,1,excitatory_neuron
0,1,0,44,36,36,0,0,0,1,0,1,0,0,0,2,0,0,1,0,0,1,1,0,0,1,0,0,1,0,0,0,0,0,0,0,0,0,0,0,excitatory_neuron
0,0,0,33,42,27,0,0,0,1,0,1,0,0,0,0,0,0,0,0,0,1,0,0,0,0,0,0,0,0,0,0,0,0,0,2,1,2,0,0,excitatory_neuron
1,0,0,34,46,48,0,0,0,1,1,0,0,0,0,1,0,2,0,0,1,1,0,0,0,0,0,0,1,1,0,1,1,1,1,1,0,0,0,0,excitatory_neuron
0,0,1,32,33,32,0,0,0,0,0,1,0,0,1,0,0,0,2,0,0,0,1,0,0,0,0,0,0,1,2,0,0,0,0,0,0,0,0,1,excitatory_neuron
1,1,0,35,39,24,1,1,1,1,2,0,0,0,0,0,1,1,1,0,0,0,0,0,1,0,0,0,0,0,0,0,0,0,0,0,0,2,0,0,excitatory_neuron
0,0,0,29,35,40,0,0,0,0,0,0,0,0,0,0,0,1,0,0,0,0,0,1,0,0,0,0,0,0,0,0,0,0,1,0,0,0,1,1,excitatory_neuron
1,1,0,38,31,40,0,2,1,0,0,0,2,1,0,0,0,0,0,0,1,0,0,0,0,0,1,1,0,1,1,0,0,0,0,0,0,0,1,1,excitatory_neuron
0,1,0,37,34,39,1,0,0,0,0,0,1,0,0,0,0,0,1,0,0,1,0,0,0,0,1,0,0,0,0,0,0,0,0,0,0,1,0,1,excitatory_neuron
1,0,0,43,31,31,0,0,1,0,1,0,0,0,1,1,0,1,0,0,0,0,0,0,0,1,1,0,0,0,0,0,1,0,0,0,1,0,1,0,excitatory_neuron
1,0,0,33,31,38,0,0,1,0,0,2,0,0,0,1,1,0,0,2,0,0,0,0,1,0,0,1,0,0,0,0,0,2,0,0,0,0,0,0,excitatory_neuron
0,0,0,28,46,32,0,0,1,0,1,0,0,0,0,0,0,0,1,0,0,0,1,0,0,0,0,0,0,0,0,1,0,0,0,1,0,0,1,0,excitatory_neuron
0,0,0,40,38,32,0,0,1,1,1,0,0,0,0,0,0,0,0,1,0,1,0,0,0,0,0,0,0,0,0,0,0,1,1,0,0,0,0,0,excitatory_neuron
1,0,0,34,25,31,0,1,0,0,0,0,0,0,0,0,0,0,0,1,1,1,1,0,0,0,0,0,0,0,0,1,0,1,0,0,1,0,1,0,excitatory_neuron
0,0,0,31,32,26,1,0,0,1,0,0,0,0,0,1,0,0,0,0,0,1,1,0,0,0,0,1,0,0,0,1,1,0,0,0,0,0,0,0,excitatory_neuron
0,0,0,38,36,33,0,1,1,1,1,0,1,2,1,0,1,0,0,0,0,1,1,0,0,0,0,0,0,0,1,0,0,1,0,0,1,0,0,1,excitatory_neuron
0,0,1,34,35,29,0,0,0,0,0,0,0,0,0,1,0,0,0,0,1,0,0,0,1,0,0,0,1,0,0,0,1,0,0,0,0,0,0,0,excitatory_neuron
2,0,1,33,45,30,0,0,0,1,0,0,0,0,0,0,0,0,0,0,1,0,0,0,0,1,0,0,0,1,0,0,0,0,0,0,0,1,0,0,excitatory_neuron
0,0,0,27,33,38,0,0,0,0,0,0,0,0,0,0,0,0,0,1,0,0,0,0,1,0,0,0,0,0,1,0,0,1,0,0,0,0,0,0,excitatory_neuron
0,0,0,36,34,31,0,0,1,0,2,1,0,0,1,0,1,0,1,0,1,0,1,0,0,1,1,0,1,1,0,0,0,0,0,0,0,0,0,0,excitatory_neuron
1,1,0,36,40,31,0,2,1,0,1,0,0,0,0,0,0,0,0,0,1,0,0,0,0,0,1,0,0,1,0,0,1,0,0,1,0,0,0,0,excitatory_neuron
0,0,0,41,35,39,0,0,0,2,0,0,0,0,0,0,0,0,1,1,0,1,0,0,0,0,0,1,0,0,0,0,1,0,0,1,1,0,1,0,excitatory_neuron
0,1,1,36,34,34,0,1,0,0,0,0,1,0,1,2,0,0,0,1,0,0,1,1,0,1,3,0,2,0,1,0,0,0,0,0,0,1,0,1,excitatory_neuron
0,1,0,38,43,39,0,0,0,1,1,0,0,1,0,0,1,0,0,0,2,1,0,0,1,0,0,1,0,0,0,0,0,1,1,0,1,0,0,0,excitatory_neuron
0,0,0,37,35,27,0,1,0,0,0,0,0,2,0,0,0,0,0,0,0,0,0,0,0,0,0,0,0,1,1,0,0,0,0,0,0,1,0,0,excitatory_neuron
0,0,0,37,38,46,1,0,0,1,0,0,0,0,2,0,0,0,0,1,0,0,1,0,0,0,0,0,1,0,1,0,1,1,1,0,1,0,1,0,excitatory_neuron
0,0,0,29,32,29,1,0,0,0,0,0,0,1,0,0,1,0,0,0,1,0,0,2,1,0,0,0,1,0,0,0,1,0,0,0,0,0,1,0,excitatory_neuron
0,0,0,39,26,35,0,0,0,0,0,0,1,2,1,0,0,0,0,1,1,0,2,0,2,0,0,0,0,0,0,1,1,1,0,1,0,0,0,1,excitatory_neuron
0,0,1,44,40,27,0,0,0,0,1,0,0,0,0,1,0,0,0,0,2,0,2,0,2,0,0,0,1,0,0,1,0,1,0,0,0,0,0,0,excitatory_neuron
0,0,0,30,43,35,2,0,0,0,0,0,2,0,3,1,0,1,1,0,0,0,0,0,0,0,1,0,0,0,0,0,0,0,0,0,1,1,1,0,excitatory_neuron
1,0,0,23,35,34,0,0,0,1,0,1,0,0,0,0,0,0,1,1,1,0,0,0,0,0,1,0,0,1,0,0,1,1,1,0,1,0,0,0,excitatory_neuron
1,1,0,26,27,39,1,0,0,1,0,0,0,0,0,0,0,1,0,1,1,0,1,1,1,0,2,0,0,0,0,2,0,1,2,0,0,0,0,0,excitatory_neuron
1,1,0,35,34,41,0,0,1,0,0,0,0,0,0,1,0,0,0,0,0,0,0,1,0,0,0,0,0,0,1,0,0,0,0,1,0,0,0,1,excitatory_neuron
0,1,0,41,37,24,0,0,3,0,0,0,0,0,0,0,0,0,0,0,0,0,0,0,0,1,0,0,0,1,1,0,1,1,1,1,0,0,0,0,excitatory_neuron
0,1,0,39,40,36,0,0,1,0,1,0,0,1,0,0,0,0,0,1,0,1,0,0,0,0,0,0,0,0,0,1,1,0,0,0,0,0,0,0,excitatory_neuron
1,0,0,36,30,44,0,0,0,0,0,0,0,1,0,0,0,0,0,0,0,0,0,0,0,0,0,0,0,0,0,1,0,2,0,1,0,1,0,0,excitatory_neuron
0,1,0,35,36,33,0,0,0,0,2,0,0,0,0,1,0,0,0,0,0,0,1,0,0,0,0,1,0,1,0,0,0,0,1,0,0,0,0,1,excitatory_neuron
0,0,0,41,30,28,0,0,0,1,0,0,0,2,0,0,0,1,0,1,0,0,0,0,1,0,0,0,0,0,0,1,0,1,0,0,0,0,0,1,excitatory_neuron
0,1,0,35,28,35,0,1,1,0,1,0,2,0,0,0,0,0,1,0,0,0,0,0,0,0,0,0,0,0,1,1,0,1,1,0,0,0,0,0,excitatory_neuron
0,0,1,44,29,31,1,3,0,1,0,0,1,0,0,0,0,1,0,0,0,0,1,0,0,0,2,0,0,0,0,1,0,0,1,0,0,1,0,0,excitatory_neuron
1,0,0,36,35,39,0,1,0,0,0,0,0,1,0,1,0,0,0,0,0,0,1,1,0,1,0,3,1,0,1,0,0,0,0,0,0,0,0,0,excitatory_neuron
1,0,0,37,45,36,0,1,1,0,0,0,0,0,0,1,0,0,0,0,1,1,0,0,1,0,0,0,1,1,0,0,0,0,0,0,0,0,0,1,excitatory_neuron
0,0,0,35,39,39,0,0,0,0,1,1,0,0,0,0,0,0,0,0,0,0,0,1,0,0,0,0,1,1,0,0,0,1,1,0,0,1,0,0,excitatory_neuron
0,0,0,37,32,32,1,0,0,0,0,0,0,0,0,1,1,3,0,0,0,0,0,0,0,0,0,1,0,0,1,0,0,0,0,0,0,0,1,0,excitatory_neuron
0,0,1,25,44,30,0,0,0,2,1,0,0,0,1,1,0,0,0,1,0,1,0,0,0,0,0,0,0,1,1,0,1,0,0,0,0,1,0,0,excitatory_neuron
0,0,0,36,30,21,0,0,0,1,1,0,0,0,0,1,1,0,0,0,1,0,0,1,1,2,0,0,0,1,0,0,0,0,0,0,1,0,0,0,excitatory_neuron
1,0,0,36,31,29,0,0,0,0,0,1,0,0,1,0,0,0,0,0,0,1,1,0,0,0,0,0,0,0,1,0,0,0,0,0,0,0,0,0,excitatory_neuron
0,0,0,0,0,0,33,40,34,0,1,0,0,1,0,0,0,0,0,1,0,1,1,0,0,0,1,0,0,0,0,0,0,1,0,0,0,1,0,0,endothelial
0,0,0,0,1,0,42,40,36,0,0,0,1,0,2,1,0,1,0,0,1,1,0,0,0,0,0,0,0,0,0,1,1,1,0,0,0,0,1,0,endothelial
1,0,0,1,2,0,45,24,30,0,0,0,0,0,0,0,1,1,0,0,0,0,1,0,1,0,1,0,0,0,0,0,0,3,1,0,0,0,2,0,endothelial
0,1,0,0,0,0,25,25,45,0,2,0,0,0,0,0,0,0,1,0,0,0,0,1,0,1,0,1,0,0,1,0,1,0,0,0,0,0,0,1,endothelial
2,1,0,0,0,0,41,30,44,0,0,0,0,1,0,0,0,0,0,1,0,1,0,0,0,0,0,0,0,3,1,0,1,0,2,1,0,2,2,1,endothelial
0,0,0,0,0,1,31,44,47,0,0,0,1,0,0,0,1,0,0,0,0,0,0,0,1,0,0,0,0,1,0,1,1,1,0,0,0,0,0,0,endothelial
0,0,0,0,0,0,38,33,31,0,0,0,0,0,0,0,0,0,0,0,1,1,0,0,0,1,0,0,1,0,1,2,0,0,0,0,0,1,0,0,endothelial
0,1,0,1,0,0,41,29,30,0,0,0,0,2,1,0,0,0,1,1,0,0,0,0,0,1,0,0,0,0,0,0,0,0,0,0,0,0,0,0,endothelial
0,0,0,0,0,2,34,33,43,0,0,0,0,0,0,0,1,0,1,0,0,1,0,0,0,0,0,0,1,0,0,0,0,0,0,0,0,0,0,0,endothelial
0,0,0,0,0,0,31,32,31,0,0,0,0,0,0,0,1,0,0,0,1,1,1,1,0,0,0,0,1,2,0,0,1,0,0,1,0,0,0,0,endothelial
1,0,0,0,1,0,29,37,30,1,1,0,1,0,0,0,0,0,0,0,0,2,0,0,2,2,1,1,0,1,0,0,0,0,0,0,1,0,0,0,endothelial
1,0,1,0,0,0,35,35,37,1,0,0,0,0,0,0,0,1,1,1,0,0,1,0,1,1,0,0,0,0,1,0,0,0,2,0,0,1,0,0,endothelial
0,0,0,0,0,1,32,25,37,1,0,1,0,0,1,1,0,0,1,0,0,0,0,1,0,0,0,0,1,1,0,0,0,1,1,0,0,0,0,1,endothelial
2,2,0,0,0,0,40,36,29,1,1,0,1,0,1,0,0,0,1,1,0,0,0,1,0,2,1,1,0,1,1,0,1,0,0,0,0,0,2,0,endothelial
1,0,0,0,0,0,40,42,29,0,0,2,0,0,0,2,0,0,0,0,0,0,2,0,0,0,0,0,0,1,0,0,0,0,0,0,1,0,0,0,endothelial
1,0,0,1,0,0,32,53,30,1,1,0,1,0,0,0,0,0,0,0,1,0,1,0,0,1,0,1,0,0,0,0,0,0,0,0,0,1,0,0,endothelial
0,0,0,0,3,0,35,34,34,0,0,0,0,0,1,0,0,1,0,1,0,1,1,0,0,1,0,0,0,0,1,0,0,1,0,0,0,1,0,0,endothelial
0,0,1,0,0,0,30,36,44,0,0,1,0,0,0,1,0,0,0,1,0,0,0,0,1,0,0,0,0,0,1,0,0,1,0,0,0,0,0,0,endothelial
0,0,0,0,0,0,44,37,35,0,0,1,2,0,0,1,1,0,1,0,1,1,0,0,0,1,1,0,0,0,0,0,0,0,0,0,1,0,0,0,endothelial
0,0,0,0,1,0,37,35,36,0,0,1,0,0,1,0,0,0,0,0,2,1,0,0,0,0,0,0,0,0,0,0,0,0,0,0,0,1,0,0,endothelial
0,0,0,0,0,1,48,40,45,0,0,0,0,0,0,0,1,0,0,0,1,0,0,0,1,0,2,1,0,1,0,1,0,0,0,1,0,1,1,0,endothelial
0,1,0,1,0,0,34,40,35,0,0,0,1,0,0,0,0,0,0,0,0,0,0,1,0,0,0,0,0,1,1,0,0,0,0,1,1,0,0,0,endothelial
0,0,1,2,1,0,43,35,28,0,0,0,0,0,0,0,0,0,1,0,0,2,0,0,0,2,0,0,0,0,0,0,1,0,0,0,0,0,0,0,endothelial
0,0,0,0,0,0,27,37,42,0,0,0,1,0,1,0,0,0,0,0,0,0,0,1,0,3,1,1,0,0,0,0,0,0,1,1,1,0,0,1,endothelial
0,0,0,0,0,0,33,39,35,0,0,0,0,0,1,1,0,0,0,0,0,0,2,0,0,0,0,1,0,0,0,0,0,1,0,0,0,0,1,0,endothelial
1,0,0,0,0,0,40,41,33,0,0,0,0,0,1,0,0,0,0,1,0,0,0,0,0,0,1,1,0,1,0,0,0,0,0,0,0,0,1,1,endothelial
0,1,0,0,0,0,32,34,43,0,0,0,0,0,0,0,0,0,0,0,1,0,0,1,0,0,0,0,1,0,0,0,0,1,1,0,0,1,0,0,endothelial
0,0,0,0,0,1,36,40,33,0,0,1,0,0,0,0,0,1,0,0,0,1,0,1,0,0,0,0,1,0,0,1,0,0,0,0,0,0,1,1,endothelial
0,0,0,1,0,0,29,45,35,0,0,0,0,0,1,1,0,0,0,0,0,0,0,0,0,0,0,0,1,1,0,0,1,0,1,0,0,0,0,0,endothelial
0,0,0,0,1,0,36,34,52,0,0,0,1,0,0,0,0,0,0,0,1,0,1,2,0,0,0,0,0,0,0,0,0,1,0,1,0,0,1,1,endothelial
0,2,0,1,0,0,32,34,33,0,1,0,0,0,1,0,0,0,0,0,1,0,0,0,0,0,0,1,0,2,1,0,1,0,1,0,0,0,1,0,endothelial
0,0,1,0,1,0,33,41,33,0,0,0,0,1,1,0,1,1,0,0,0,0,0,1,0,0,0,1,0,1,0,0,0,0,0,0,0,0,0,1,endothelial
0,0,1,0,0,1,27,26,44,0,0,0,1,0,0,0,1,0,0,0,0,0,0,0,1,0,1,0,1,0,2,0,0,0,0,0,0,0,0,0,endothelial
0,0,0,0,0,1,27,32,35,0,0,2,0,1,0,1,0,0,1,1,1,1,1,0,0,1,0,0,0,0,0,0,3,1,0,0,0,1,1,1,endothelial
0,0,0,1,0,0,29,32,39,0,0,0,0,0,1,0,1,1,0,1,0,0,0,0,0,1,1,0,0,0,0,0,0,0,0,0,0,0,0,0,endothelial
0,0,0,1,0,0,28,33,36,0,0,1,0,1,0,1,0,1,0,0,0,1,0,0,1,0,0,0,0,0,0,0,0,1,0,0,0,0,0,1,endothelial
0,1,0,0,0,0,32,37,39,0,0,1,0,1,0,0,0,0,0,0,0,1,0,1,0,1,1,0,0,0,0,1,0,0,0,0,1,1,0,0,endothelial
0,2,0,0,0,1,35,40,25,0,0,1,0,0,1,0,0,1,1,1,0,1,0,0,0,0,2,0,0,1,0,1,0,0,0,1,0,0,0,0,endothelial
1,0,0,0,0,0,34,36,45,0,1,0,0,0,0,0,2,0,0,1,1,0,0,0,0,1,1,1,0,0,0,0,1,0,2,0,0,0,0,0,endothelial
1,0,1,0,0,0,37,36,31,1,0,2,0,0,0,0,0,0,0,1,0,1,0,1,0,0,0,0,0,0,0,0,0,0,0,1,0,1,0,0,endothelial
0,0,0,0,0,1,42,42,36,0,1,0,0,0,0,0,0,0,0,0,0,0,0,0,0,0,1,0,0,0,0,0,0,1,1,0,1,1,0,0,endothelial
1,0,0,0,0,0,36,33,25,0,1,0,1,0,0,0,0,0,0,1,0,1,0,0,0,0,0,0,0,1,1,0,0,0,1,0,0,1,0,0,endothelial
1,0,0,1,0,0,35,38,36,2,0,0,1,0,1,1,1,0,1,0,2,0,0,0,0,0,0,0,0,0,2,0,0,0,3,0,0,0,0,0,endothelial
0,0,1,1,1,0,29,26,33,1,0,0,0,0,1,0,0,0,1,0,0,0,1,0,1,0,0,1,0,0,0,0,0,2,0,0,0,0,0,1,endothelial
0,1,0,1,0,1,29,39,35,0,0,0,0,1,0,0,0,1,1,1,0,1,0,0,1,0,0,0,0,0,1,0,1,0,1,1,0,0,0,1,endothelial
0,0,0,0,0,1,33,26,36,0,0,0,0,0,0,0,0,0,1,1,0,0,0,0,0,0,0,0,0,1,0,0,0,0,0,0,0,1,1,0,endothelial
0,0,0,0,0,1,35,33,32,1,0,1,0,0,0,0,0,0,0,0,0,0,0,1,1,3,1,0,1,1,0,1,0,1,1,0,1,0,0,0,endothelial
0,0,0,0,0,0,34,35,41,0,0,0,0,1,0,0,0,0,0,1,0,0,1,1,0,0,1,0,0,0,1,0,0,0,0,1,0,0,0,0,endothelial
0,0,0,0,0,0,30,30,45,1,0,0,1,1,0,0,0,0,1,0,0,0,1,1,0,0,0,1,0,0,3,1,0,0,2,0,0,0,0,0,endothelial
0,1,0,2,0,0,30,38,43,2,1,0,0,0,0,0,1,0,0,1,1,0,0,0,0,1,0,0,1,0,0,0,0,1,0,1,1,0,0,0,endothelial
0,1,0,0,0,2,34,35,34,0,0,0,0,1,1,0,0,1,0,0,0,0,0,0,0,0,0,0,0,1,0,0,1,1,0,0,0,0,0,0,endothelial
0,0,0,0,0,0,23,41,33,1,0,0,0,0,0,0,0,1,0,0,0,0,0,0,0,0,0,0,0,0,0,0,0,0,0,1,0,0,2,0,endothelial
0,0,0,1,0,1,33,31,30,0,0,1,0,0,1,0,0,1,0,0,0,0,0,0,1,0,1,0,0,1,0,0,0,1,0,0,0,1,0,0,endothelial
0,0,0,0,0,0,41,34,34,0,1,2,0,0,0,2,0,0,2,0,0,1,0,0,1,1,0,0,0,0,0,0,1,0,0,0,1,0,1,0,endothelial
0,0,0,0,1,0,38,44,40,0,0,0,1,0,0,1,0,0,0,0,0,0,0,0,0,0,0,0,1,0,1,0,0,2,1,0,0,0,0,2,endothelial
0,1,1,0,0,0,36,31,36,0,0,0,1,0,0,0,0,0,0,0,0,0,1,0,1,0,1,0,0,0,0,0,0,0,0,2,0,0,0,0,endothelial
0,1,1,0,0,1,35,30,45,0,1,1,1,0,0,1,0,0,1,1,0,0,1,0,0,0,1,0,0,0,0,0,1,0,0,1,1,2,0,0,endothelial
2,0,0,1,1,1,36,28,33,0,3,0,0,1,0,0,0,1,0,0,0,0,1,0,2,0,1,1,0,1,0,1,0,0,0,0,0,1,0,0,endothelial
0,1,1,0,2,0,41,39,36,1,0,0,0,2,0,1,0,0,0,0,0,1,1,0,0,0,0,0,1,1,0,0,0,0,1,1,1,1,0,0,endothelial
0,0,0,1,0,1,35,37,34,1,1,0,0,0,0,0,1,1,0,2,1,0,1,0,0,0,1,0,0,0,0,0,0,0,0,1,0,1,0,2,endothelial
0,1,0,0,0,0,0,0,1,28,43,34,0,2,0,0,0,1,0,0,0,1,1,0,0,0,0,0,0,0,1,1,1,1,0,0,1,1,2,1,astrocyte
0,1,0,0,0,0,0,0,1,29,21,33,1,0,1,1,0,0,1,0,1,1,2,0,0,1,0,1,1,0,1,1,2,0,0,1,0,0,0,1,astrocyte
1,0,0,0,0,0,2,0,0,33,24,25,0,0,1,0,0,0,0,0,0,1,0,0,0,0,0,1,0,1,0,0,0,1,0,0,0,0,0,0,astrocyte
0,0,0,0,1,0,0,0,0,29,29,40,1,1,1,0,0,1,0,2,0,0,1,0,0,0,0,0,0,0,0,0,0,2,0,0,0,1,0,1,astrocyte
0,0,0,0,0,0,0,0,0,34,38,40,0,0,0,0,0,0,1,0,0,0,0,0,0,0,1,0,2,0,0,0,0,0,0,0,0,0,1,1,astrocyte
0,0,0,0,0,0,0,0,1,30,38,35,2,1,0,2,0,0,0,0,1,0,0,1,0,1,0,0,0,0,1,0,0,0,1,1,1,1,0,1,astrocyte
0,0,0,0,1,0,1,0,0,32,43,32,2,0,0,0,0,0,1,1,0,0,0,0,0,0,0,1,0,1,0,1,0,0,0,0,1,0,1,0,astrocyte
1,1,0,1,0,0,0,0,0,31,23,34,0,0,3,0,0,0,0,0,0,0,0,0,0,0,0,0,0,1,0,0,0,0,0,0,0,0,1,0,astrocyte
0,0,0,0,0,0,0,0,0,36,32,34,0,0,0,0,2,0,0,0,0,0,1,0,0,0,0,0,0,0,1,1,0,1,1,0,0,0,0,1,astrocyte
0,0,0,0,0,0,0,0,0,36,34,31,1,0,1,0,1,0,0,0,0,0,0,1,1,0,0,0,0,1,0,1,0,1,0,0,0,1,1,0,astrocyte
0,0,2,2,1,1,1,0,0,37,31,38,0,0,0,1,0,0,0,0,0,1,0,1,0,0,1,1,0,0,0,0,0,0,0,0,0,0,0,0,astrocyte
0,0,0,1,2,0,0,0,1,35,26,32,0,0,0,0,0,0,0,0,0,0,1,0,0,1,1,1,0,0,0,0,1,0,0,0,0,1,0,0,astrocyte
2,0,0,0,1,0,0,0,0,44,29,32,0,1,2,0,1,0,0,0,0,1,0,0,1,0,0,0,0,0,1,1,1,0,0,0,0,0,0,0,astrocyte
0,0,0,0,0,1,0,0,1,37,30,43,0,0,1,0,0,0,0,0,0,0,0,0,0,0,0,0,0,1,0,0,0,0,0,1,0,0,0,0,astrocyte
0,0,0,1,0,0,0,0,0,40,32,31,0,0,0,0,0,0,2,1,1,0,0,0,0,0,0,0,0,0,3,0,0,0,0,0,0,1,0,0,astrocyte
0,0,0,0,0,0,0,0,0,31,34,41,0,0,1,0,1,0,0,0,0,1,0,1,0,0,1,0,1,0,0,0,1,0,0,1,0,1,0,1,astrocyte
0,0,0,0,0,0,0,0,0,35,31,32,0,0,0,1,1,2,1,0,1,1,0,0,1,0,0,0,0,0,2,0,0,1,0,1,0,0,2,0,astrocyte
0,0,0,0,0,1,1,0,1,42,36,22,0,0,0,0,0,0,0,1,0,1,0,0,0,0,0,0,0,0,0,0,0,0,0,1,0,1,1,0,astrocyte
0,0,0,0,0,0,1,0,0,30,38,31,1,0,0,1,0,0,0,1,0,0,1,0,0,0,0,1,0,0,0,0,0,1,0,0,0,0,0,0,astrocyte
1,1,1,0,0,1,0,1,0,33,39,44,0,0,0,0,0,1,0,0,0,1,0,0,0,0,0,0,1,0,0,2,0,0,2,1,0,0,0,0,astrocyte
0,0,1,0,1,0,0,0,0,30,50,36,0,0,1,0,2,0,0,0,0,0,0,0,0,0,0,0,0,0,0,1,0,0,0,1,0,1,0,1,astrocyte
0,2,0,0,0,0,0,0,1,48,42,34,0,0,1,1,1,0,0,0,0,0,0,0,0,1,0,1,0,0,0,2,0,1,0,0,0,1,0,0,astrocyte
0,1,1,1,1,2,0,0,1,30,32,28,0,0,0,0,1,0,0,1,1,0,0,0,1,1,0,0,0,0,0,0,1,2,0,0,0,0,0,0,astrocyte
0,0,0,0,0,0,0,1,0,41,42,26,0,0,0,0,0,1,1,0,0,2,0,0,1,0,2,1,1,1,0,0,0,1,0,1,0,0,0,0,astrocyte
0,0,0,0,0,1,0,0,0,42,41,39,1,0,0,0,0,1,0,1,0,0,0,1,0,1,0,0,2,0,0,0,0,0,3,0,0,1,0,0,astrocyte
0,0,0,3,0,0,0,0,1,33,39,34,0,0,0,0,1,0,2,1,0,1,0,0,1,0,0,0,0,0,0,0,2,0,0,2,0,0,0,2,astrocyte
0,0,0,0,0,0,1,1,0,35,37,41,0,0,0,0,0,1,0,0,0,0,0,1,0,1,1,0,0,0,1,0,0,0,0,0,0,0,0,2,astrocyte
0,0,0,0,1,0,0,0,0,40,35,34,0,0,0,0,1,0,1,0,0,0,0,0,1,0,0,1,0,2,0,0,0,0,0,1,0,0,0,0,astrocyte
0,0,0,0,0,0,0,0,0,37,29,29,0,0,0,0,0,1,0,1,0,0,0,0,0,2,0,1,0,0,0,1,1,0,0,0,1,0,0,0,astrocyte
0,1,0,0,1,0,0,0,1,39,28,41,0,0,0,1,0,1,1,0,0,0,0,0,1,2,0,0,0,0,0,0,0,0,1,0,0,0,0,0,astrocyte
0,0,0,0,0,0,1,0,0,36,33,36,0,0,0,0,0,0,0,2,1,1,1,0,0,0,0,0,1,0,0,0,0,0,0,0,0,0,0,0,astrocyte
0,0,1,1,1,0,0,1,0,41,33,45,1,0,0,0,0,1,0,0,1,0,0,1,0,0,0,0,0,0,0,0,0,0,0,0,0,1,0,0,astrocyte
3,0,0,0,0,0,0,0,1,38,38,35,1,2,0,0,0,0,0,0,0,0,0,0,0,0,0,0,0,0,0,0,0,0,1,0,0,0,0,1,astrocyte
0,0,2,0,0,1,0,0,0,31,41,36,0,0,0,0,0,1,1,1,1,0,0,0,0,0,0,0,0,0,2,0,0,0,0,0,0,1,0,0,astrocyte
0,1,1,0,0,1,1,0,1,25,28,35,0,0,0,0,0,1,1,0,0,1,0,0,1,2,0,1,2,0,1,0,0,0,0,0,0,1,0,0,astrocyte
0,0,0,0,0,0,1,0,1,42,31,43,0,0,1,0,0,1,0,0,1,1,0,0,0,0,0,0,0,0,0,0,0,0,0,1,1,0,0,1,astrocyte
1,0,1,1,0,0,0,1,0,31,30,39,1,0,0,0,0,0,1,0,0,1,0,0,2,0,0,0,0,0,0,0,0,0,0,0,0,0,0,0,astrocyte
1,1,0,1,1,0,0,0,0,34,37,38,1,0,1,0,0,0,1,0,0,0,0,0,1,0,2,0,1,0,0,0,2,1,2,0,3,0,0,1,astrocyte
1,1,0,1,1,0,1,1,0,29,35,40,0,0,0,1,0,0,0,0,1,0,0,0,0,0,0,0,0,0,0,1,0,0,0,0,0,0,0,1,astrocyte
2,1,1,0,0,0,0,0,0,28,27,40,0,0,0,0,0,0,1,1,0,0,0,0,0,0,0,0,0,0,1,1,0,0,0,0,0,0,0,1,astrocyte
0,0,0,1,0,0,1,0,1,38,28,39,0,0,1,0,1,0,0,1,0,1,0,0,0,0,0,0,0,0,1,0,0,1,0,0,0,0,0,1,astrocyte
0,1,0,1,1,0,0,0,0,39,32,27,0,0,0,0,0,1,0,1,1,1,1,0,1,0,1,0,0,0,0,0,0,0,1,0,1,0,1,0,astrocyte
1,0,0,0,0,1,0,0,0,37,39,38,0,0,0,0,0,0,0,0,0,1,2,1,0,0,0,0,0,1,1,0,0,1,0,0,0,0,0,0,astrocyte
0,0,0,0,1,0,1,0,1,35,34,39,0,1,1,0,1,0,0,0,1,1,0,0,0,0,0,0,0,1,0,0,0,1,0,0,1,0,0,1,astrocyte
1,1,0,0,0,0,0,0,1,43,37,39,0,1,0,1,0,0,0,1,0,0,0,0,0,0,0,0,0,0,0,0,0,0,0,0,1,0,0,0,astrocyte
2,1,1,0,0,1,0,0,0,38,34,39,0,0,0,0,1,0,0,1,0,1,0,0,0,2,1,0,1,1,0,1,0,0,0,0,0,0,0,0,astrocyte
0,0,1,0,2,0,0,0,0,43,33,31,0,0,0,1,0,0,0,0,0,1,0,0,0,0,0,1,0,1,0,1,0,0,1,0,0,0,1,0,astrocyte
0,0,0,1,1,0,1,0,1,37,33,35,0,0,0,0,0,0,0,0,0,0,0,0,0,1,1,0,0,0,0,0,0,0,0,0,0,0,0,0,astrocyte
0,0,2,0,0,0,0,0,0,28,44,27,1,1,1,1,0,0,0,0,0,0,0,0,0,0,0,0,0,0,2,0,0,0,0,1,1,0,0,1,astrocyte
0,1,0,1,0,1,0,1,0,45,34,39,0,0,1,0,0,0,0,2,0,0,0,0,0,0,0,0,0,1,0,0,0,0,1,0,0,1,0,0,astrocyte
1,1,0,0,0,0,0,0,0,33,25,32,0,0,0,0,0,0,0,1,2,0,0,0,0,1,2,0,0,0,0,0,0,0,0,1,0,0,0,2,astrocyte
1,0,0,0,0,0,0,0,0,26,22,30,0,1,0,0,0,1,0,0,1,0,0,1,0,1,0,1,0,0,0,1,0,0,0,0,1,0,0,0,astrocyte
0,1,1,0,1,0,1,0,1,28,28,31,0,0,1,0,1,0,0,2,2,0,0,1,0,0,0,1,1,0,0,1,0,0,0,0,1,0,0,0,astrocyte
1,1,0,1,0,1,0,0,0,26,32,43,0,0,0,1,0,1,0,0,0,0,2,0,1,1,1,0,0,0,0,1,1,0,0,0,0,0,0,1,astrocyte
0,0,1,0,1,0,0,0,2,36,45,41,1,1,0,0,1,1,1,1,1,3,0,0,0,0,0,0,1,1,0,0,1,1,0,0,0,1,0,1,astrocyte
0,0,0,0,0,0,0,2,0,29,36,43,0,1,1,0,0,0,0,1,0,0,1,0,0,1,1,1,1,0,0,0,0,0,0,1,1,1,1,0,astrocyte
1,0,0,0,0,0,1,0,0,40,31,35,0,0,1,0,0,0,0,0,0,0,0,0,0,1,0,2,0,1,0,1,0,2,0,0,0,1,2,0,astrocyte
0,0,1,0,1,2,0,0,0,36,24,36,1,0,1,0,1,0,0,0,0,1,0,0,0,0,0,0,1,0,0,0,0,0,0,1,0,0,0,1,astrocyte
0,0,0,2,1,0,0,0,0,37,30,35,0,0,0,0,0,1,0,1,1,0,0,0,1,1,0,0,0,0,0,0,0,1,0,0,0,1,0,0,astrocyte
0,0,0,0,0,0,0,0,0,43,31,32,0,0,0,0,1,0,0,0,0,0,0,0,0,1,0,0,0,0,1,0,0,0,0,0,1,2,0,0,astrocyte
0,0,0,0,0,0,0,1,0,1,0,2,38,36,32,0,0,0,0,0,2,0,0,0,0,1,0,0,0,0,0,0,0,1,0,0,1,0,0,0,striatal_PV_interneuron
0,0,0,0,1,1,1,0,0,1,0,0,28,38,32,0,0,0,1,0,0,0,1,1,0,0,0,1,0,2,1,0,1,0,0,1,0,2,0,0,striatal_PV_interneuron
0,1,1,0,0,1,0,0,0,0,0,0,33,35,29,1,1,0,0,0,1,0,0,0,0,0,0,0,1,0,0,0,0,0,0,0,0,0,2,0,striatal_PV_interneuron
0,0,0,0,0,0,1,1,0,0,0,0,40,31,37,1,0,0,0,0,2,0,1,0,1,0,0,0,3,0,0,0,1,0,0,0,0,0,0,0,striatal_PV_interneuron
0,0,0,0,0,0,0,0,0,1,0,0,33,30,43,0,0,1,2,1,0,0,0,1,1,0,0,0,0,1,1,0,0,0,0,0,1,0,0,0,striatal_PV_interneuron
0,0,0,0,1,1,0,0,1,0,0,0,36,39,34,1,0,0,0,0,0,0,0,0,0,0,0,0,0,0,0,0,0,0,1,1,0,0,0,0,striatal_PV_interneuron
0,0,1,1,0,0,0,0,0,0,0,0,31,35,31,0,0,0,0,1,0,1,0,0,0,0,1,0,0,0,0,0,0,0,0,0,0,1,0,0,striatal_PV_interneuron
1,0,0,0,0,0,0,0,1,0,0,2,32,41,35,0,1,0,0,1,0,0,0,0,0,0,0,0,1,2,1,1,0,0,0,0,0,0,0,0,striatal_PV_interneuron
0,0,1,1,0,1,1,0,0,0,0,0,35,32,37,0,0,0,0,1,0,0,0,0,1,0,1,1,0,0,0,0,0,1,0,0,1,0,0,0,striatal_PV_interneuron
0,0,0,2,0,1,2,0,0,0,1,1,25,33,36,1,1,0,0,0,1,0,1,0,0,0,0,1,2,0,0,1,0,0,0,0,2,0,0,0,striatal_PV_interneuron
0,1,0,0,0,0,0,0,0,0,0,1,39,44,29,3,0,0,1,0,0,0,0,0,0,1,1,0,0,0,0,0,0,0,0,1,0,0,0,0,striatal_PV_interneuron
0,0,0,0,0,0,0,0,1,0,0,0,25,36,35,0,0,0,0,1,1,0,0,0,1,0,0,0,0,0,1,1,1,1,0,0,0,0,0,0,striatal_PV_interneuron
1,0,1,0,0,0,0,0,1,0,0,0,32,36,38,0,0,1,0,0,0,0,0,0,1,0,0,0,0,0,0,0,0,0,0,1,0,0,0,1,striatal_PV_interneuron
0,0,0,0,0,1,0,0,1,2,0,1,39,25,29,0,1,1,1,1,1,0,0,0,0,0,0,0,0,1,0,1,0,1,0,2,0,0,0,0,striatal_PV_interneuron
1,0,1,2,0,1,0,1,0,0,1,2,33,32,34,0,0,0,0,0,0,0,0,0,0,2,0,0,0,0,1,0,0,0,0,0,0,0,2,0,striatal_PV_interneuron
0,0,0,0,2,0,1,1,0,0,0,0,29,25,33,0,0,0,0,0,0,0,1,1,0,1,0,0,0,0,0,0,0,0,0,0,0,0,1,1,striatal_PV_interneuron
0,1,0,0,1,0,1,0,1,0,1,0,34,35,34,0,0,0,1,0,0,0,0,0,0,0,1,0,0,0,0,0,2,0,0,0,1,0,0,0,striatal_PV_interneuron
0,2,3,0,3,0,1,0,1,0,1,0,36,37,45,0,2,0,0,0,1,0,0,0,0,1,0,1,0,0,1,0,1,0,0,0,0,0,0,0,striatal_PV_interneuron
0,0,0,0,0,1,0,1,1,0,0,0,33,34,32,0,1,0,0,1,0,0,0,1,1,0,0,0,0,0,1,0,0,0,0,0,0,0,0,0,striatal_PV_interneuron
1,0,0,2,1,0,0,1,0,0,1,1,43,32,33,1,0,1,0,1,0,0,0,0,0,0,0,0,0,2,0,0,0,1,0,0,0,1,0,0,striatal_PV_interneuron
0,0,0,0,0,1,0,0,1,0,0,0,32,29,36,0,1,0,0,0,0,0,1,0,0,0,0,0,0,0,0,0,0,0,0,0,0,0,0,0,striatal_PV_interneuron
0,0,0,0,2,0,1,0,0,0,0,1,30,46,30,0,1,0,0,0,0,0,0,1,1,0,0,0,0,1,0,0,0,0,0,0,0,0,0,0,striatal_PV_interneuron
1,0,0,0,0,0,0,0,0,1,0,1,29,26,32,0,0,1,0,1,1,0,0,0,0,0,1,1,0,0,1,1,0,0,0,0,0,1,0,0,striatal_PV_interneuron
0,0,0,0,0,1,0,0,0,0,0,0,42,46,35,1,1,2,1,0,1,0,1,1,1,0,0,0,0,0,0,0,0,0,0,0,0,1,0,0,striatal_PV_interneuron
0,0,0,0,0,0,0,0,1,0,0,1,37,23,35,3,0,0,0,0,0,0,1,0,0,1,1,0,0,0,0,0,0,0,0,0,0,0,0,0,striatal_PV_interneuron
2,0,1,0,1,0,0,0,1,0,0,0,28,32,36,1,0,0,0,1,0,0,1,0,0,0,0,0,0,0,0,0,1,0,0,0,0,1,0,1,striatal_PV_interneuron
0,0,0,0,0,0,0,0,0,1,0,0,35,37,39,0,0,0,1,1,0,1,0,0,1,1,1,0,0,1,1,0,0,0,0,0,1,1,2,0,striatal_PV_interneuron
0,0,0,1,1,1,3,0,0,0,0,0,31,32,29,0,0,0,0,0,0,0,0,0,0,0,0,0,0,0,0,0,0,0,0,1,0,0,0,0,striatal_PV_interneuron
0,0,1,0,1,0,2,0,0,0,1,1,32,35,36,0,0,1,1,1,0,0,0,0,1,0,0,0,0,0,0,0,0,2,0,0,0,0,0,0,striatal_PV_interneuron
0,0,0,0,0,0,1,1,1,0,0,1,27,31,32,0,0,0,0,0,0,0,1,0,1,0,0,0,0,0,0,0,2,1,0,2,1,0,0,1,striatal_PV_interneuron
0,0,0,1,0,1,0,0,1,0,0,0,35,39,38,0,0,1,0,0,1,1,0,0,0,0,0,1,0,0,0,0,0,0,0,1,0,0,0,0,striatal_PV_interneuron
1,1,0,1,0,0,0,0,1,0,1,0,34,26,26,0,0,0,1,1,1,0,1,0,0,1,0,0,0,0,0,2,0,0,0,0,0,0,0,0,striatal_PV_interneuron
0,0,0,0,0,0,1,2,0,0,0,0,30,35,30,0,0,0,0,0,0,0,1,0,0,0,0,1,0,0,0,0,0,0,0,0,0,0,0,0,striatal_PV_interneuron
0,0,1,0,0,1,0,0,0,0,1,0,38,40,26,0,1,0,2,0,1,0,1,1,0,1,0,1,0,1,1,2,1,0,0,0,0,0,0,0,striatal_PV_interneuron
0,0,0,0,2,0,0,1,0,0,0,1,33,41,29,0,2,0,0,0,0,0,1,1,1,3,0,0,0,0,0,0,0,0,0,1,1,0,0,0,striatal_PV_interneuron
1,0,0,0,0,0,2,0,0,0,1,0,43,40,28,0,2,0,0,0,0,0,0,2,0,0,0,0,0,0,0,0,1,0,1,2,1,0,1,1,striatal_PV_interneuron
0,0,0,0,0,1,0,0,0,0,1,0,35,37,42,0,0,0,0,0,0,0,1,0,1,0,1,0,0,0,0,1,0,0,0,0,0,0,0,1,striatal_PV_interneuron
0,1,0,2,0,2,1,0,0,0,1,1,37,34,36,0,0,1,0,0,1,0,0,0,0,0,0,0,0,1,0,0,0,0,0,0,1,0,0,0,striatal_PV_interneuron
0,0,1,0,1,0,0,0,1,4,0,1,24,41,27,1,0,0,0,0,0,0,0,0,0,1,0,0,0,1,0,0,0,1,0,0,0,0,1,0,striatal_PV_interneuron
0,0,0,0,0,0,0,0,0,0,1,1,33,34,32,0,0,0,0,0,0,0,0,0,0,0,0,0,0,0,0,0,0,0,0,1,0,0,0,1,striatal_PV_interneuron
0,0,0,1,0,0,1,0,0,1,1,0,40,40,40,1,0,1,0,0,1,0,0,0,1,1,0,0,1,0,0,1,0,1,0,0,1,0,0,0,striatal_PV_interneuron
0,0,0,0,1,0,0,0,0,0,0,1,39,42,33,1,2,0,0,0,0,0,0,0,0,1,0,0,0,0,1,0,0,0,0,2,0,0,0,0,striatal_PV_interneuron
0,1,1,0,0,2,0,0,1,0,0,0,32,41,48,1,0,0,0,0,0,0,0,0,0,0,0,0,1,0,0,0,0,1,0,0,0,0,0,0,striatal_PV_interneuron
1,0,0,0,0,0,0,0,1,1,0,0,32,33,29,0,0,1,0,1,1,0,0,0,0,1,0,1,0,2,0,0,0,1,0,1,0,0,2,0,striatal_PV_interneuron
0,0,0,0,0,0,1,0,0,1,0,0,34,30,42,1,0,1,0,0,1,1,0,0,0,1,0,0,0,0,0,0,1,1,1,0,0,0,1,0,striatal_PV_interneuron
0,0,0,0,1,0,1,1,0,1,0,0,31,33,31,0,0,0,0,2,1,0,2,1,0,0,0,0,1,0,0,0,0,1,0,0,0,0,0,0,striatal_PV_interneuron
0,0,0,0,0,0,0,0,0,0,0,1,30,35,39,0,0,0,0,1,0,0,1,0,0,0,0,0,0,0,0,1,1,0,0,0,0,0,0,0,striatal_PV_interneuron
0,0,0,0,0,0,0,0,0,0,0,0,39,34,30,0,0,0,0,1,0,0,0,0,0,1,0,1,0,1,1,0,1,0,0,0,1,1,0,0,striatal_PV_interneuron
0,0,0,1,0,0,0,0,0,0,1,0,36,30,25,0,0,0,1,1,1,0,0,0,0,2,0,0,0,0,0,0,0,0,0,0,1,0,0,0,striatal_PV_interneuron
0,0,0,1,0,0,0,1,0,0,0,2,38,32,33,0,1,0,1,1,0,2,0,0,0,0,0,1,0,0,0,0,0,0,0,1,1,0,0,0,striatal_PV_interneuron
0,0,1,0,0,0,0,1,1,0,0,2,33,32,41,0,0,0,0,0,2,0,0,0,0,0,0,0,1,1,1,1,0,0,0,0,0,1,1,0,striatal_PV_interneuron
0,1,0,0,0,0,0,0,0,0,0,1,33,43,38,0,0,0,1,0,0,0,0,1,0,1,0,1,1,0,1,1,1,1,0,0,1,1,0,0,striatal_PV_interneuron
1,0,0,2,0,0,0,0,0,0,0,0,34,31,29,0,0,1,0,1,1,0,0,0,1,2,0,0,0,2,0,0,0,1,0,1,0,0,0,0,striatal_PV_interneuron
1,0,0,0,0,1,0,0,0,0,0,1,41,37,25,0,0,0,0,0,0,0,0,0,0,0,0,1,0,0,0,1,1,0,0,0,0,0,0,0,striatal_PV_interneuron
0,0,3,1,1,0,0,1,0,0,0,0,40,40,34,0,0,1,0,0,0,2,1,0,0,0,0,0,0,0,0,0,1,0,2,0,2,0,0,0,striatal_PV_interneuron
0,0,0,1,0,0,1,0,0,0,0,1,31,38,29,0,0,0,0,0,0,0,2,1,0,0,0,0,2,0,0,0,1,0,0,0,0,0,0,0,striatal_PV_interneuron
1,0,0,1,0,0,1,0,0,0,0,0,29,39,36,1,2,1,1,0,0,0,0,0,0,0,0,1,1,0,0,0,0,0,0,0,0,1,0,0,striatal_PV_interneuron
1,0,2,0,1,1,0,0,1,0,0,0,44,37,36,0,0,0,0,0,0,0,1,1,0,0,0,0,1,1,1,0,0,4,0,0,0,0,0,0,striatal_PV_interneuron
1,0,0,0,0,0,0,1,0,0,0,0,25,35,40,1,0,0,0,0,1,1,0,0,2,0,0,1,0,0,1,0,0,0,0,0,0,1,0,0,striatal_PV_interneuron
0,0,0,0,0,0,0,0,2,0,0,1,33,33,42,0,0,0,1,0,1,0,1,0,0,0,0,0,0,0,0,0,0,0,1,0,0,0,0,0,striatal_PV_interneuron
